"filename", "language", "JSON with Comments", "Python", "JSON", "XML", "R", "comment", "blank", "total"
"/Users/ethan/LocalFiles/ResearchFile/SystemicRisk/.idea/SystemicRisk.iml", "XML", 0, 0, 0, -26, 0, 0, 0, -26
"/Users/ethan/LocalFiles/ResearchFile/SystemicRisk/.idea/codeStyles/codeStyleConfig.xml", "XML", 0, 0, 0, -5, 0, 0, 0, -5
"/Users/ethan/LocalFiles/ResearchFile/SystemicRisk/.idea/dictionaries/ethan.xml", "XML", 0, 0, 0, -3, 0, 0, 0, -3
"/Users/ethan/LocalFiles/ResearchFile/SystemicRisk/.idea/inspectionProfiles/profiles_settings.xml", "XML", 0, 0, 0, -6, 0, 0, 0, -6
"/Users/ethan/LocalFiles/ResearchFile/SystemicRisk/.idea/misc.xml", "XML", 0, 0, 0, -4, 0, 0, 0, -4
"/Users/ethan/LocalFiles/ResearchFile/SystemicRisk/.idea/modules.xml", "XML", 0, 0, 0, -8, 0, 0, 0, -8
"/Users/ethan/LocalFiles/ResearchFile/SystemicRisk/.idea/other.xml", "XML", 0, 0, 0, -6, 0, 0, 0, -6
"/Users/ethan/LocalFiles/ResearchFile/SystemicRisk/.idea/vcs.xml", "XML", 0, 0, 0, -6, 0, 0, 0, -6
"/Users/ethan/LocalFiles/ResearchFile/SystemicRisk/PyScripts/IO/import_exp_data.R", "R", 0, 0, 0, 0, -31, -8, -9, -48
"/Users/ethan/LocalFiles/ResearchFile/SystemicRisk/PyScripts/IO/transform_original_data.R", "R", 0, 0, 0, 0, -147, -16, -30, -193
"/Users/ethan/LocalFiles/ResearchFile/SystemicRisk/PyScripts/analyse/analyse_balance_sheet.R", "R", 0, 0, 0, 0, 0, 0, -1, -1
"/Users/ethan/LocalFiles/ResearchFile/SystemicRisk/PyScripts/exp_raw/main.py", "Python", 0, -60, 0, 0, 0, -16, -17, -93
"/Users/ethan/LocalFiles/ResearchFile/SystemicRisk/PyScripts/settings/set_agentsVariables.py", "Python", 0, -116, 0, 0, 0, -144, -12, -272
"/Users/ethan/LocalFiles/ResearchFile/SystemicRisk/PyScripts/settings/set_agents_variables.py", "Python", 0, 115, 0, 0, 0, 145, 14, 274
"/Users/ethan/LocalFiles/ResearchFile/SystemicRisk/PyScripts/settings/set_environmentVariables.py", "Python", 0, -44, 0, 0, 0, -30, -17, -91
"/Users/ethan/LocalFiles/ResearchFile/SystemicRisk/PyScripts/settings/set_environment_variables.py", "Python", 0, 18, 0, 0, 0, 6, 8, 32
"/Users/ethan/LocalFiles/ResearchFile/SystemicRisk/PyScripts/settings/set_parameterVariables.py", "Python", 0, -26, 0, 0, 0, -13, -14, -53
"/Users/ethan/LocalFiles/ResearchFile/SystemicRisk/PyScripts/settings/set_parameter_variables.py", "Python", 0, 25, 0, 0, 0, 8, 14, 47
"/Users/ethan/LocalFiles/ResearchFile/SystemicRisk/PyScripts/tools/useful_functions.R", "R", 0, 0, 0, 0, -53, -3, -11, -67
"/Users/ethan/LocalFiles/ResearchFile/SystemicRisk/PyScripts/visualization/visualize_data.R", "R", 0, 0, 0, 0, -15, -4, -11, -30
"/Users/ethan/LocalFiles/ResearchFile/SystemicRisk/PySystemicRiskLab/__init__.py", "Python", 0, 9, 0, 0, 0, -6, -3, 0
"/Users/ethan/LocalFiles/ResearchFile/SystemicRisk/PySystemicRiskLab/core/__init__.py", "Python", 0, 0, 0, 0, 0, -4, 1, -3
"/Users/ethan/LocalFiles/ResearchFile/SystemicRisk/PySystemicRiskLab/core/controller/__init__.py", "Python", 0, 0, 0, 0, 0, 0, -1, -1
"/Users/ethan/LocalFiles/ResearchFile/SystemicRisk/PySystemicRiskLab/core/controller/fun_agentModel.py", "Python", 0, -43, 0, 0, 0, -11, -18, -72
"/Users/ethan/LocalFiles/ResearchFile/SystemicRisk/PySystemicRiskLab/core/controller/fun_scheduler.py", "Python", 0, -191, 0, 0, 0, -154, -35, -380
"/Users/ethan/LocalFiles/ResearchFile/SystemicRisk/PySystemicRiskLab/core/controller/model_builder.py", "Python", 0, -50, 0, 0, 0, -42, -23, -115
"/Users/ethan/LocalFiles/ResearchFile/SystemicRisk/PySystemicRiskLab/core/controller/model_collector.py", "Python", 0, -138, 0, 0, 0, -68, -24, -230
"/Users/ethan/LocalFiles/ResearchFile/SystemicRisk/PySystemicRiskLab/core/controller/model_initVariable.py", "Python", 0, -179, 0, 0, 0, -245, -26, -450
"/Users/ethan/LocalFiles/ResearchFile/SystemicRisk/PySystemicRiskLab/core/controller/model_runner.py", "Python", 0, -25, 0, 0, 0, -51, -11, -87
"/Users/ethan/LocalFiles/ResearchFile/SystemicRisk/PySystemicRiskLab/core/define/__init__.py", "Python", 0, -1, 0, 0, 0, 0, 1, 0
"/Users/ethan/LocalFiles/ResearchFile/SystemicRisk/PySystemicRiskLab/core/define/define_agentDataCollection.py", "Python", 0, -1, 0, 0, 0, -4, -2, -7
"/Users/ethan/LocalFiles/ResearchFile/SystemicRisk/PySystemicRiskLab/core/define/define_agents.py", "Python", 0, 0, 0, 0, 0, -117, 1, -116
"/Users/ethan/LocalFiles/ResearchFile/SystemicRisk/PySystemicRiskLab/core/define/define_agentsVariables.py", "Python", 0, 0, 0, 0, 0, -116, -5, -121
"/Users/ethan/LocalFiles/ResearchFile/SystemicRisk/PySystemicRiskLab/core/define/define_aspect.py", "Python", 0, 40, 0, 0, 0, 36, 21, 97
"/Users/ethan/LocalFiles/ResearchFile/SystemicRisk/PySystemicRiskLab/core/define/define_component.py", "Python", 0, -38, 0, 0, 0, -24, -20, -82
"/Users/ethan/LocalFiles/ResearchFile/SystemicRisk/PySystemicRiskLab/core/define/define_consts.py", "Python", 0, 0, 0, 0, 0, -3, 1, -2
"/Users/ethan/LocalFiles/ResearchFile/SystemicRisk/PySystemicRiskLab/core/define/define_container.py", "Python", 0, 4, 0, 0, 0, 4, 4, 12
"/Users/ethan/LocalFiles/ResearchFile/SystemicRisk/PySystemicRiskLab/core/define/define_content.py", "Python", 0, -34, 0, 0, 0, -19, -19, -72
"/Users/ethan/LocalFiles/ResearchFile/SystemicRisk/PySystemicRiskLab/core/define/define_entity.py", "Python", 0, 14, 0, 0, 0, 66, 12, 92
"/Users/ethan/LocalFiles/ResearchFile/SystemicRisk/PySystemicRiskLab/core/define/define_enum.py", "Python", 0, -3, 0, 0, 0, 39, 2, 38
"/Users/ethan/LocalFiles/ResearchFile/SystemicRisk/PySystemicRiskLab/core/define/define_environmentVariables.py", "Python", 0, 43, 0, 0, 0, 5, 14, 62
"/Users/ethan/LocalFiles/ResearchFile/SystemicRisk/PySystemicRiskLab/core/define/define_environment_variables.py", "Python", 0, -6, 0, 0, 0, -7, -8, -21
"/Users/ethan/LocalFiles/ResearchFile/SystemicRisk/PySystemicRiskLab/core/define/define_module.py", "Python", 0, 44, 0, 0, 0, 19, 20, 83
"/Users/ethan/LocalFiles/ResearchFile/SystemicRisk/PySystemicRiskLab/core/define/define_parameterVariables.py", "Python", 0, 0, 0, 0, 0, -4, -3, -7
"/Users/ethan/LocalFiles/ResearchFile/SystemicRisk/PySystemicRiskLab/core/define/define_type.py", "Python", 0, 7, 0, 0, 0, -33, -4, -30
"/Users/ethan/LocalFiles/ResearchFile/SystemicRisk/PySystemicRiskLab/core/functions/fun_balanceSheet.py", "Python", 0, 0, 0, 0, 0, -3, 0, -3
"/Users/ethan/LocalFiles/ResearchFile/SystemicRisk/PySystemicRiskLab/core/functions/fun_loss.py", "Python", 0, 0, 0, 0, 0, -3, 1, -2
"/Users/ethan/LocalFiles/ResearchFile/SystemicRisk/PySystemicRiskLab/core/functions/fun_shock.py", "Python", 0, 0, 0, 0, 0, 0, -15, -15
"/Users/ethan/LocalFiles/ResearchFile/SystemicRisk/PySystemicRiskLab/core/functions/fun_state.py", "Python", 0, -10, 0, 0, 0, 25, -12, 3
"/Users/ethan/LocalFiles/ResearchFile/SystemicRisk/PySystemicRiskLab/core/functions/fun_transfer.py", "Python", 0, 0, 0, 0, 0, -3, -1, -4
"/Users/ethan/LocalFiles/ResearchFile/SystemicRisk/PySystemicRiskLab/core/manager/__init__.py", "Python", 0, 0, 0, 0, 0, 0, -1, -1
"/Users/ethan/LocalFiles/ResearchFile/SystemicRisk/PySystemicRiskLab/core/manager/agents_manager.py", "Python", 0, -4, 0, 0, 0, -7, -8, -19
"/Users/ethan/LocalFiles/ResearchFile/SystemicRisk/PySystemicRiskLab/core/manager/experiment_manager.py", "Python", 0, -23, 0, 0, 0, -22, -8, -53
"/Users/ethan/LocalFiles/ResearchFile/SystemicRisk/PySystemicRiskLab/core/manager/model_manager.py", "Python", 0, -14, 0, 0, 0, -12, -5, -31
"/Users/ethan/LocalFiles/ResearchFile/SystemicRisk/PySystemicRiskLab/core/model/__init__.py", "Python", 0, 0, 0, 0, 0, 0, -1, -1
"/Users/ethan/LocalFiles/ResearchFile/SystemicRisk/PySystemicRiskLab/core/model/fun_model_skeleton.py", "Python", 0, -41, 0, 0, 0, -23, -15, -79
"/Users/ethan/LocalFiles/ResearchFile/SystemicRisk/PySystemicRiskLab/core/model/fun_process_skeleton.py", "Python", 0, -60, 0, 0, 0, -26, -25, -111
"/Users/ethan/LocalFiles/ResearchFile/SystemicRisk/PySystemicRiskLab/core/operations/__init__.py", "Python", 0, 0, 0, 0, 0, 0, 1, 1
"/Users/ethan/LocalFiles/ResearchFile/SystemicRisk/PySystemicRiskLab/core/operations/builder.py", "Python", 0, 41, 0, 0, 0, 33, 14, 88
"/Users/ethan/LocalFiles/ResearchFile/SystemicRisk/PySystemicRiskLab/core/operations/collector.py", "Python", 0, 148, 0, 0, 0, 228, 20, 396
"/Users/ethan/LocalFiles/ResearchFile/SystemicRisk/PySystemicRiskLab/core/operations/data_installer.py", "Python", 0, 169, 0, 0, 0, 193, 27, 389
"/Users/ethan/LocalFiles/ResearchFile/SystemicRisk/PySystemicRiskLab/core/operations/executer.py", "Python", 0, 25, 0, 0, 0, 55, 12, 92
"/Users/ethan/LocalFiles/ResearchFile/SystemicRisk/PySystemicRiskLab/core/operations/manager.py", "Python", 0, 14, 0, 0, 0, 6, 6, 26
"/Users/ethan/LocalFiles/ResearchFile/SystemicRisk/PySystemicRiskLab/core/operations/model_installer.py", "Python", 0, 60, 0, 0, 0, 42, 16, 118
"/Users/ethan/LocalFiles/ResearchFile/SystemicRisk/PySystemicRiskLab/core/operations/operator.py", "Python", 0, 73, 0, 0, 0, 59, 29, 161
"/Users/ethan/LocalFiles/ResearchFile/SystemicRisk/PySystemicRiskLab/core/operations/processor.py", "Python", 0, 39, 0, 0, 0, 29, 12, 80
"/Users/ethan/LocalFiles/ResearchFile/SystemicRisk/PySystemicRiskLab/core/operations/scheduler.py", "Python", 0, 217, 0, 0, 0, 199, 47, 463
"/Users/ethan/LocalFiles/ResearchFile/SystemicRisk/PySystemicRiskLab/core/template/__init__.py", "Python", 0, 0, 0, 0, 0, 6, 1, 7
"/Users/ethan/LocalFiles/ResearchFile/SystemicRisk/PySystemicRiskLab/core/template/fun_model_BI1111.py", "Python", 0, 24, 0, 0, 0, 30, 28, 82
"/Users/ethan/LocalFiles/ResearchFile/SystemicRisk/PySystemicRiskLab/core/tools/__init__.py", "Python", 0, 0, 0, 0, 0, 0, 1, 1
"/Users/ethan/LocalFiles/ResearchFile/SystemicRisk/PySystemicRiskLab/include/Models.py", "Python", 0, -7, 0, 0, 0, -10, -11, -28
"/Users/ethan/LocalFiles/ResearchFile/SystemicRisk/PySystemicRiskLab/include/__init__.py", "Python", 0, 0, 0, 0, 0, 0, -1, -1
"/Users/ethan/LocalFiles/ResearchFile/SystemicRisk/PySystemicRiskLab/model/__init__.py", "Python", 0, -4, 0, 0, 0, -5, -3, -12
"/Users/ethan/LocalFiles/ResearchFile/SystemicRisk/PySystemicRiskLab/model/model_sets/__init__.py", "Python", 0, 0, 0, 0, 0, 0, -1, -1
"/Users/ethan/LocalFiles/ResearchFile/SystemicRisk/PySystemicRiskLab/model/model_sets/models_sets.py", "Python", 0, -5, 0, 0, 0, -4, -4, -13
"/Users/ethan/LocalFiles/ResearchFile/SystemicRisk/PySystemicRiskLab/model/model_sets/processes_sets.py", "Python", 0, -9, 0, 0, 0, -4, -2, -15
"/Users/ethan/LocalFiles/ResearchFile/SystemicRisk/PySystemicRiskLab/model/model_sets/stages_sets.py", "Python", 0, -13, 0, 0, 0, -4, -2, -19
"/Users/ethan/LocalFiles/ResearchFile/SystemicRisk/PySystemicRiskLab/model/models/__init__.py", "Python", 0, -1, 0, 0, 0, -2, 0, -3
"/Users/ethan/LocalFiles/ResearchFile/SystemicRisk/PySystemicRiskLab/model/models/fun_model_BI1111.py", "Python", 0, -24, 0, 0, 0, -30, -28, -82
"/Users/ethan/LocalFiles/ResearchFile/SystemicRisk/PySystemicRiskLab/model/models/model_content.py", "Python", 0, -24, 0, 0, 0, -8, -7, -39
"/Users/ethan/LocalFiles/ResearchFile/SystemicRisk/PySystemicRiskLab/model/modules/__init__.py", "Python", 0, 0, 0, 0, 0, 0, -1, -1
"/Users/ethan/LocalFiles/ResearchFile/SystemicRisk/PySystemicRiskLab/model/processes/__init__.py", "Python", 0, -1, 0, 0, 0, -1, -1, -3
"/Users/ethan/LocalFiles/ResearchFile/SystemicRisk/PySystemicRiskLab/model/processes/process_content.py", "Python", 0, -50, 0, 0, 0, -19, -12, -81
"/Users/ethan/LocalFiles/ResearchFile/SystemicRisk/PySystemicRiskLab/model/stages/__init__.py", "Python", 0, -11, 0, 0, 0, -1, -3, -15
"/Users/ethan/LocalFiles/ResearchFile/SystemicRisk/PySystemicRiskLab/model/stages/fun_stage_bankrupt_repay_shock.py", "Python", 0, -14, 0, 0, 0, -6, -10, -30
"/Users/ethan/LocalFiles/ResearchFile/SystemicRisk/PySystemicRiskLab/model/stages/fun_stage_exBank_bankrupt_contagion.py", "Python", 0, -12, 0, 0, 0, -7, -10, -29
"/Users/ethan/LocalFiles/ResearchFile/SystemicRisk/PySystemicRiskLab/model/stages/fun_stage_exBank_illiquity_shock.py", "Python", 0, -15, 0, 0, 0, -6, -10, -31
"/Users/ethan/LocalFiles/ResearchFile/SystemicRisk/PySystemicRiskLab/model/stages/fun_stage_exBank_insolvent_shock.py", "Python", 0, -30, 0, 0, 0, -8, -12, -50
"/Users/ethan/LocalFiles/ResearchFile/SystemicRisk/PySystemicRiskLab/model/stages/fun_stage_interBank_bankrupt_contagion_shock.py", "Python", 0, -21, 0, 0, 0, -6, -9, -36
"/Users/ethan/LocalFiles/ResearchFile/SystemicRisk/PySystemicRiskLab/model/stages/fun_stage_interBank_illiquity_allocate.py", "Python", 0, -29, 0, 0, 0, -6, -9, -44
"/Users/ethan/LocalFiles/ResearchFile/SystemicRisk/PySystemicRiskLab/model/stages/fun_stage_interBank_illiquity_contagion_shock.py", "Python", 0, -22, 0, 0, 0, -16, -10, -48
"/Users/ethan/LocalFiles/ResearchFile/SystemicRisk/PySystemicRiskLab/model/stages/fun_stage_interBank_illiquity_repay.py", "Python", 0, -34, 0, 0, 0, -8, -13, -55
"/Users/ethan/LocalFiles/ResearchFile/SystemicRisk/PySystemicRiskLab/model/stages/fun_stage_interBank_insolvent_contagion.py", "Python", 0, -18, 0, 0, 0, -7, -9, -34
"/Users/ethan/LocalFiles/ResearchFile/SystemicRisk/PySystemicRiskLab/model/stages/fun_stage_interBank_insolvent_shock.py", "Python", 0, -24, 0, 0, 0, -7, -10, -41
"/Users/ethan/LocalFiles/ResearchFile/SystemicRisk/PySystemicRiskLab/model/stages/stage_content.py", "Python", 0, -64, 0, 0, 0, -4, -16, -84
"/Users/ethan/LocalFiles/ResearchFile/SystemicRisk/PySystemicRiskLab/models/__init__.py", "Python", 0, 1, 0, 0, 0, 3, 4, 8
"/Users/ethan/LocalFiles/ResearchFile/SystemicRisk/PySystemicRiskLab/models/contents/__init__.py", "Python", 0, 25, 0, 0, 0, 7, 6, 38
"/Users/ethan/LocalFiles/ResearchFile/SystemicRisk/PySystemicRiskLab/models/contents/algorithms_contents/__init__.py", "Python", 0, 0, 0, 0, 0, 0, 1, 1
"/Users/ethan/LocalFiles/ResearchFile/SystemicRisk/PySystemicRiskLab/models/contents/algorithms_contents/algorithmContent_BankruptRepayShock.py", "Python", 0, 12, 0, 0, 0, 2, 11, 25
"/Users/ethan/LocalFiles/ResearchFile/SystemicRisk/PySystemicRiskLab/models/contents/algorithms_contents/algorithmContent_ExBankBankruptContagion.py", "Python", 0, 10, 0, 0, 0, 7, 10, 27
"/Users/ethan/LocalFiles/ResearchFile/SystemicRisk/PySystemicRiskLab/models/contents/algorithms_contents/algorithmContent_ExBankIlliquidShock.py", "Python", 0, 12, 0, 0, 0, 3, 11, 26
"/Users/ethan/LocalFiles/ResearchFile/SystemicRisk/PySystemicRiskLab/models/contents/algorithms_contents/algorithmContent_ExBankInsolventShock.py", "Python", 0, 27, 0, 0, 0, 5, 13, 45
"/Users/ethan/LocalFiles/ResearchFile/SystemicRisk/PySystemicRiskLab/models/contents/algorithms_contents/algorithmContent_InterBankBankruptContagionShock.py", "Python", 0, 18, 0, 0, 0, 3, 10, 31
"/Users/ethan/LocalFiles/ResearchFile/SystemicRisk/PySystemicRiskLab/models/contents/algorithms_contents/algorithmContent_InterBankIlliquidAllocate.py", "Python", 0, 26, 0, 0, 0, 6, 9, 41
"/Users/ethan/LocalFiles/ResearchFile/SystemicRisk/PySystemicRiskLab/models/contents/algorithms_contents/algorithmContent_InterBankIlliquidContagionShock.py", "Python", 0, 19, 0, 0, 0, 13, 11, 43
"/Users/ethan/LocalFiles/ResearchFile/SystemicRisk/PySystemicRiskLab/models/contents/algorithms_contents/algorithmContent_InterBankIlliquidRepay.py", "Python", 0, 31, 0, 0, 0, 5, 14, 50
"/Users/ethan/LocalFiles/ResearchFile/SystemicRisk/PySystemicRiskLab/models/contents/algorithms_contents/algorithmContent_InterBankInsolventContagion.py", "Python", 0, 15, 0, 0, 0, 4, 7, 26
"/Users/ethan/LocalFiles/ResearchFile/SystemicRisk/PySystemicRiskLab/models/contents/algorithms_contents/algorithmContent_InterBankInsolventShock.py", "Python", 0, 21, 0, 0, 0, 4, 11, 36
"/Users/ethan/LocalFiles/ResearchFile/SystemicRisk/PySystemicRiskLab/models/contents/processes_contents/__init__.py", "Python", 0, 0, 0, 0, 0, 0, 1, 1
"/Users/ethan/LocalFiles/ResearchFile/SystemicRisk/PySystemicRiskLab/models/contents/processes_contents/processContent_NodeProcess.py", "Python", 0, 36, 0, 0, 0, 140, 22, 198
"/Users/ethan/LocalFiles/ResearchFile/SystemicRisk/PySystemicRiskLab/models/contents/processes_contents/processContent_TerminalProcess.py", "Python", 0, 2, 0, 0, 0, 0, 4, 6
"/Users/ethan/LocalFiles/ResearchFile/SystemicRisk/PySystemicRiskLab/models/entities/__init__.py", "Python", 0, 0, 0, 0, 0, 12, 1, 13
"/Users/ethan/LocalFiles/ResearchFile/SystemicRisk/PySystemicRiskLab/models/entities/entities.py", "Python", 0, 53, 0, 0, 0, 9, 21, 83
"/Users/ethan/LocalFiles/ResearchFile/SystemicRisk/PySystemicRiskLab/models/entities_data/__init__.py", "Python", 0, 16, 0, 0, 0, 6, 5, 27
"/Users/ethan/LocalFiles/ResearchFile/SystemicRisk/PySystemicRiskLab/models/entities_data/algorithmEntityData_ExBankIlliquidShock.py", "Python", 0, 13, 0, 0, 0, 5, 4, 22
"/Users/ethan/LocalFiles/ResearchFile/SystemicRisk/PySystemicRiskLab/models/entities_data/algorithmEntityData_ExBankInsolventShock.py", "Python", 0, 13, 0, 0, 0, 5, 4, 22
"/Users/ethan/LocalFiles/ResearchFile/SystemicRisk/PySystemicRiskLab/models/entities_data/algorithmEntityData_InterBankIlliquidAllocate.py", "Python", 0, 13, 0, 0, 0, 5, 4, 22
"/Users/ethan/LocalFiles/ResearchFile/SystemicRisk/PySystemicRiskLab/models/entities_data/algorithmEntityData_InterBankIlliquidContagionShock.py", "Python", 0, 13, 0, 0, 0, 6, 4, 23
"/Users/ethan/LocalFiles/ResearchFile/SystemicRisk/PySystemicRiskLab/models/entities_data/algorithmEntityData_InterBankIlliquidRepay.py", "Python", 0, 13, 0, 0, 0, 5, 4, 22
"/Users/ethan/LocalFiles/ResearchFile/SystemicRisk/PySystemicRiskLab/models/entities_data/algorithmEntityData_InterBankInsolventContagion.py", "Python", 0, 13, 0, 0, 0, 5, 4, 22
"/Users/ethan/LocalFiles/ResearchFile/SystemicRisk/PySystemicRiskLab/models/entities_data/algorithmEntityData_InterBankInsolventShock.py", "Python", 0, 13, 0, 0, 0, 5, 4, 22
"/Users/ethan/LocalFiles/ResearchFile/SystemicRisk/PySystemicRiskLab/models/entities_data/modelEntityData_ModelBI0000.py", "Python", 0, 19, 0, 0, 0, 5, 2, 26
"/Users/ethan/LocalFiles/ResearchFile/SystemicRisk/PySystemicRiskLab/models/entities_data/modelEntityData_ModelBI1111.py", "Python", 0, 22, 0, 0, 0, 6, 2, 30
"/Users/ethan/LocalFiles/ResearchFile/SystemicRisk/PySystemicRiskLab/models/entities_data/processEntityData_ExBankIlliquid.py", "Python", 0, 23, 0, 0, 0, 5, 2, 30
"/Users/ethan/LocalFiles/ResearchFile/SystemicRisk/PySystemicRiskLab/models/entities_data/processEntityData_ExBankInsolvent.py", "Python", 0, 23, 0, 0, 0, 6, 3, 32
"/Users/ethan/LocalFiles/ResearchFile/SystemicRisk/PySystemicRiskLab/models/entities_data/processEntityData_InterBankIlliquid.py", "Python", 0, 25, 0, 0, 0, 7, 3, 35
"/Users/ethan/LocalFiles/ResearchFile/SystemicRisk/PySystemicRiskLab/models/entities_data/processEntityData_InterBankInsolvent.py", "Python", 0, 24, 0, 0, 0, 3, 3, 30
"/Users/ethan/LocalFiles/ResearchFile/SystemicRisk/PySystemicRiskLab/models/models/__init__.py", "Python", 0, 0, 0, 0, 0, 6, 1, 7
"/Users/ethan/LocalFiles/ResearchFile/SystemicRisk/PySystemicRiskLab/tools/fun_tools.py", "Python", 0, -56, 0, 0, 0, -32, -19, -107
"/Users/ethan/LocalFiles/ResearchFile/SystemicRisk/PySystemicRiskLab/tools/tools.py", "Python", 0, 91, 0, 0, 0, 82, 22, 195
"/Users/ethan/LocalFiles/ResearchFile/SystemicRisk/SystemicRisk.code-workspace", "JSON with Comments", 1, 0, 0, 0, 0, 0, 0, 1
"/Users/ethan/LocalFiles/ResearchFile/SystemicRisk/draft/draft2023-01-01.ipynb", "JSON", 0, 0, 1810, 0, 0, 0, 1, 1811
"/Users/ethan/LocalFiles/ResearchFile/SystemicRisk/draft/draft2023-01-01.py", "Python", 0, 119, 0, 0, 0, 27, 19, 165
"/Users/ethan/LocalFiles/ResearchFile/SystemicRisk/draft/draft_20221123.ipynb", "JSON", 0, 0, 655, 0, 0, 0, 1, 656
"Total", "-", 1, 295, 2465, -64, -246, 203, -41, 2613