...1,2003-12-31,2004-12-31,2005-12-31,2006-12-31,2007-12-31,2008-12-31,2009-12-31,2010-12-31,2011-12-31,2012-12-31,2013-12-31,2014-12-31,2015-12-31
报告期,年报,年报,年报,年报,年报,年报,年报,年报,年报,年报,年报,年报,年报
报表类型,合并报表,合并报表,合并报表,合并报表,合并报表,合并报表,合并报表,合并报表,合并报表,合并报表,合并报表,合并报表,合并报表
资产：,NA,NA,NA,NA,NA,NA,NA,NA,NA,NA,NA,NA,NA
　　现金及存放中央银行款项,NA,NA,NA,8674.02,8702.24,9012.84,9757.49,15189.92,19473.2,21832.49,23957.27,24667.95,23703.81
　　存放同业和其它金融机构款项,NA,NA,NA,1675.83,499.29,4125.1899999999996,3229.56,1701.83,1196.18,691.33,12725.79,6227.29,2215.4499999999998
　　贵金属,NA,NA,NA,NA,NA,NA,NA,NA,NA,NA,NA,NA,NA
　　拆出资金,NA,NA,NA,NA,NA,NA,206.21,NA,NA,NA,550,NA,NA
　　交易性金融资产,1261.54,1687.49,2000.44,1995.09,5507.02,5123.87,2637.98,1178.5899999999999,995.69,1407.83,158.94999999999999,1102.1099999999999,448.96
　　衍生金融资产,NA,NA,NA,NA,NA,NA,NA,NA,NA,NA,NA,NA,NA
　　买入返售金融资产,NA,NA,NA,2153.8000000000002,5354.44,5675.98,6377.61,15466.67,14041.78,2950.5,13971.31,10871.29,7685.23
　　应收利息,NA,72.73,51.25,192.04,191.19,250.45,361.6,342.08,323.36,320.85000000000002,610.80999999999995,697.83,646.74
　　发放贷款及垫款,NA,NA,NA,21093.57,25955.15,27312.240000000002,31689.33,38825.58,46778.54,56571.73,66000.03,75954.28,85399.73
NA,NA,NA,NA,21285.61,26146.34,27562.690000000002,32050.93,39167.660000000003,47101.9,56892.58,66610.84,76652.11,86046.47
　　代理业务资产,NA,NA,NA,NA,NA,NA,NA,NA,NA,NA,NA,NA,NA
　　可供出售金融资产,NA,NA,NA,405.06,472.45,4432.6099999999997,3428.77,2457.0500000000002,1905.15,1250.74,2236.83,1983.86,2426.9
　　持有至到期投资,NA,NA,NA,12221.6,13502.59,10393.64,16241.27,10691.46,9569.7199999999993,10107.98,12874.42,14276.11,19396.150000000001
　　长期股权投资,NA,NA,NA,9.44,9.44,9.44,131.69,207.81,227.04,268.99,280.94,557.52,612.14
　　应收款项类投资,NA,NA,NA,NA,NA,NA,NA,14592.23,21899.68,32183.47,9414.6299999999992,28825.89,39007.81
　　固定资产,NA,NA,NA,443.6,356.78,388.08,362.74,316.08999999999997,287.97000000000003,727.48,784.34,788.9,747.85
　　无形资产,229.68,225.05,217.73,5.79,142.51,139.49,157.97999999999999,155.36000000000001,165.76,202.5,198.65,201.58,184.62
　　商誉,NA,NA,NA,NA,NA,NA,NA,NA,NA,NA,NA,NA,NA
　　递延所得税资产,NA,NA,NA,262.37,106.01,106.45,80.819999999999993,122.24,179.96,296.01,322.11,425.67,521.86
　　投资性房地产,NA,NA,NA,NA,NA,NA,NA,NA,NA,NA,NA,NA,NA
　　其他资产,NA,NA,NA,1007.71,2980.28,3070.47,4545.82,6414.35,5578.95,11165.12,19639.04,20411.240000000002,9064.3700000000008
资产差额(特殊报表科目),NA,NA,NA,NA,NA,NA,NA,NA,NA,NA,NA,NA,NA
资产差额(合计平衡项目),26658.48,NA,NA,NA,NA,NA,NA,NA,NA,NA,NA,NA,NA
资产总计,28149.71,31808.42,39793.42,50139.92,63779.4,70040.740000000005,79208.86,107661.26,122622.98,139977.01,163725.12,186991.52,192061.62
负债：,NA,NA,NA,NA,NA,NA,NA,NA,NA,NA,NA,NA,NA
　　同业和其它金融机构存放款项,NA,NA,NA,618.91999999999996,2401.13,NA,2996.38,10376.870000000001,8748.74,9576.0499999999993,11673.21,15500.32,19758.82
　　向中央银行借款,NA,NA,NA,NA,NA,2038.53,NA,50,57.4,47.48,59.39,356.65,250
　　拆入资金,NA,NA,NA,NA,NA,2300,1300,3600,3140.5,3448.03,562.07000000000005,2347.13,2546.75
　　交易性金融负债,NA,NA,NA,NA,NA,NA,NA,NA,NA,NA,NA,NA,NA
　　衍生金融负债,NA,NA,NA,NA,NA,NA,NA,NA,NA,NA,NA,NA,NA
　　卖出回购金融资产款,NA,NA,NA,3792.13,8573.69,7862.04,5550.58,10458.02,15396.03,6986.61,9261.66,11932.23,3928.7
　　吸收存款,NA,NA,NA,42761.96,45657.57,49786.9,59127.69,70155.75,80275.55,96637.21,108116.48,113568.48,128697.65
NA,NA,NA,NA,47173.01,56632.39,61987.47,68974.649999999994,94640.639999999999,107618.22,116695.38,129672.81,143704.81,155181.91999999998
　　应付职工薪酬,52.97,69.37,69.459999999999994,154.07,146.66,116.49,158.11000000000001,169.42,281.06,330.92,425.15,483.14,549.61
　　应交税费,21.61,27.49,28.07,209.61,268.22000000000003,107.66,116.25,128.52000000000001,201.45,219.66,262.33999999999997,171.6,30.36
　　应付利息,NA,NA,NA,192.78,263.33999999999997,375.25,420.31,539.64,662.3,985.32,1459.24,2355.25,2766.23
　　代理业务负债,NA,NA,NA,NA,NA,NA,NA,NA,NA,NA,NA,NA,NA
　　应付债券,NA,NA,NA,NA,1011.21,1012.57,1014.02,1015.54,1017.15,1001.06,1001.76,1002.51,1003.31
　　递延所得税负债,NA,NA,NA,NA,NA,37.81,1.6,NA,NA,4.04,NA,5.84,17.07
　　预计负债,NA,NA,NA,9.7899999999999991,10.82,16.04,31.89,22.14,46.43,26.77,36.25,NA,NA
　　其他负债,NA,NA,NA,355.79,2737.17,2883.3,4355.3599999999997,6183.39,5154.1000000000004,11439.83,20041.03,20604.73,9909.5
　　负债差额(特殊报表科目),NA,NA,NA,NA,NA,NA,NA,NA,NA,NA,NA,4882.26,7443.17
　　负债差额(合计平衡项目),26810.97,NA,NA,NA,NA,NA,NA,NA,NA,NA,NA,NA,NA
　　负债合计,26885.56,30522.78,38350.639999999999,48095.05,61069.82,66536.59,75072.2,102699.28,114980.71,130702.98,152898.57,173210.14,176901.19
所有者权益(或股东权益)：,NA,NA,NA,NA,NA,NA,NA,NA,NA,NA,NA,NA,NA
　　股本,1089.22,1089.22,1089.22,1636.8,1636.8,1636.8,1636.8,1636.8,1980,1980,1980,2180,2180
　　其它权益工具,NA,NA,NA,NA,NA,NA,NA,NA,NA,NA,NA,NA,NA
　　　　其它权益工具：优先股,NA,NA,NA,NA,NA,NA,NA,NA,NA,NA,NA,NA,NA
　　资本公积金,NA,NA,NA,31.51,21.41,97,37.57,30.33,1234.5999999999999,1246.97,1215.4100000000001,2101.4699999999998,2101.4699999999998
　　减：库存股,NA,NA,NA,NA,NA,NA,NA,NA,NA,NA,NA,NA,NA
　　其它综合收益,NA,NA,NA,NA,NA,NA,NA,NA,NA,NA,NA,17.420000000000002,43.15
　　盈余公积金,154.36000000000001,175.27,335.14,39.19,118.13,208.62,299.43,405.71,538.07000000000005,730.29,926.76,1152.92,1338.93
　　未分配利润,20.67,21.27,22.66,227.37,686.24,1248.46,1734.39,2260.66,2961.79,3987.57,4670.5600000000004,5141.8999999999996,5374.18
　　一般风险准备,NA,NA,NA,110,247,313.27,413.27,613.27,863.27,1263.27,1963.27,3113.27,4043.27
　　外币报表折算差额,-0.11,-0.11,-4.24,NA,NA,NA,NA,NA,NA,NA,NA,NA,NA
　　未确认的投资损失,NA,NA,NA,NA,NA,NA,NA,NA,NA,NA,NA,NA,NA
　　股东权益差额(特殊报表科目),NA,NA,NA,NA,NA,NA,NA,NA,NA,NA,NA,NA,NA
　　股权权益差额(合计平衡项目),NA,NA,NA,NA,NA,NA,NA,NA,NA,NA,NA,NA,NA
　　归属于母公司所有者权益合计,1264.1400000000001,1285.6400000000001,1442.78,2044.86,2709.58,3504.16,4121.45,4946.7700000000004,7577.72,9208.1,10755.99,13706.98,15081
　　少数股东权益,NA,NA,NA,NA,NA,NA,15.21,15.22,64.55,65.930000000000007,70.569999999999993,74.400000000000006,79.430000000000007
　　所有者权益合计,1264.1400000000001,1285.6400000000001,1442.78,2044.86,2709.58,3504.16,4136.66,4961.9799999999996,7642.27,9274.0300000000007,10826.56,13781.37,15160.43
负债及股东权益差额(特殊报表项目),NA,NA,NA,NA,NA,NA,NA,NA,NA,NA,NA,NA,NA
负债及股东权益差额(合计平衡项目),NA,NA,NA,NA,NA,NA,NA,NA,NA,NA,NA,NA,NA
负债及股东权益总计,28149.71,31808.42,39793.42,50139.92,63779.4,70040.740000000005,79208.86,107661.26,122622.98,139977.01,163725.12,186991.52,192061.62
显示币种,CNY,CNY,CNY,CNY,CNY,CNY,CNY,CNY,CNY,CNY,CNY,CNY,CNY
原始币种,CNY,CNY,CNY,CNY,CNY,CNY,CNY,CNY,CNY,CNY,CNY,CNY,CNY
转换汇率,1,1,1,1,1,1,1,1,1,1,1,1,1
利率类型,期末汇率,期末汇率,期末汇率,期末汇率,期末汇率,期末汇率,期末汇率,期末汇率,期末汇率,期末汇率,期末汇率,期末汇率,期末汇率
审计意见(境内),NA,标准无保留意见,标准无保留意见,标准无保留意见,标准无保留意见,标准无保留意见,标准无保留意见,标准无保留意见,标准无保留意见,标准无保留意见,标准无保留意见,标准无保留意见,标准无保留意见
审计意见(境外),NA,NA,NA,NA,NA,NA,NA,NA,NA,NA,NA,NA,NA
原始报表,NA,NA,点击浏览,点击浏览,点击浏览,点击浏览,点击浏览,点击浏览,点击浏览,点击浏览,点击浏览,点击浏览,点击浏览
公告日期,2007-08-17,2007-08-17,2007-08-17,2009-05-08,2008-05-22,2009-04-28,2010-04-23,2011-04-26,2012-04-28,2013-04-24,2014-04-24,2015-04-30,2016-04-30
数据来源,WIND调整计算值,WIND调整计算值,WIND调整计算值,公司公告值,公司公告值,公司公告值,公司公告值,公司公告值,公司公告值,公司公告值,公司公告值,公司公告值,公司公告值
NA,NA,NA,NA,NA,NA,NA,NA,NA,NA,NA,NA,NA,NA
NA,NA,NA,NA,NA,NA,NA,NA,NA,NA,NA,NA,NA,NA
NA,NA,NA,NA,NA,NA,NA,NA,NA,NA,NA,NA,NA,NA
数据来源：Wind资讯,NA,NA,NA,NA,NA,NA,NA,NA,NA,NA,NA,NA,NA
