...1,2007-12-31,2008-12-31,2009-12-31,2010-12-31,2011-12-31,2012-12-31,2013-12-31,2014-12-31,2015-12-31
报告期,年报,年报,年报,年报,年报,年报,年报,年报,年报
报表类型,合并报表,合并报表,合并报表,合并报表,合并报表,合并报表,合并报表,合并报表,合并报表
资产：,NA,NA,NA,NA,NA,NA,NA,NA,NA
　　现金及存放中央银行款项,9729.6,15003.37,16813.46,23742.28,32594.86,36912.639999999999,42099.95,46336.15,45456.25
　　存放同业和其它金融机构款项,17.559999999999999,514.85,225.55,747.82,7170.3,13896,6440.41,5102.25,9587.24
　　贵金属,NA,NA,4.28,6.94,6.94,6.94,6.94,6.94,6.94
　　拆出资金,80.22,0.42,0.2,0.2,NA,1107.26,1636.58,1385.15,310.04000000000002
　　交易性金融资产,1086.08,4624.47,8307.1200000000008,2817.04,4441.1000000000004,2967.99,2067.11,2320.33,2597.77
　　买入返售金融资产,1913.97,3911.21,344.05,17162.36,14876.25,16323.59,4724.3,3404.91,13942.35
　　应收利息,96.41,128.06,351.28,510.66,794.62,925.24,869.58,1007.48,1600.98
NA,NA,NA,NA,NA,NA,NA,NA,138371.04,156283.74000000002
　　发放贷款及垫款,32122.95,45782.46,62658.71,77405.3,92201.600000000006,107627.53,121643.47,137363.56,154682.76
　　可供出售金融资产,600.70000000000005,3701.47,5964.17,9829.65,10551.7,18997.939999999999,61045.97,67131.39,112695.09
　　持有至到期投资,1478.66,1645.68,3838.57,5611.4,11457.56,10034.09,9446.65,7365.58,8304.57
　　长期股权投资,20.88,21.33,23.25,73.7,375.22,391.85,491.96,460.56,NA
　　固定资产,1327.19,1914.84,1956.23,2241.35,2650.52,3000.73,2939.45,2986.32,3071.97
　　无形资产,2920.83,5194.6899999999996,5098.05,5001.75,4906.3500000000004,4810.62,5045.99,3988.25,360.35
　　递延所得税资产,357.78,556.83000000000004,506.7,579.17999999999995,823.79,1098.0899999999999,1242.43,1315.63,1316.64
　　投资性房地产,234.76,229.96,236.89,235.79,244.15,265.69,257.27999999999997,261.18,256.12
　　其他资产,356.19,1016.12,10.55,22.72,1323.96,52.86,54.82,55.63,3344.55
资产差额(特殊报表科目),1046,1418.78,1798.98,2092.44,2009.12,2338.1799999999998,2229.9499999999998,3291.89,NA
资产总计,53389.79,85664.55,108138.05,148080.56,186428.03,220757.26,262242.84000000003,283783.2,357533.63
负债：,NA,NA,NA,NA,NA,NA,NA,NA,NA
　　同业和其它金融机构存放款项,1246.67,1163.83,1131.75,1112.49,10405.299999999999,20223.91,32747.15,31143.25,52239.68
　　向中央银行借款,NA,7.16,7.16,7.16,39.409999999999997,50,50,545,NA
　　拆入资金,1.5,0.5,0.5,35,370,3199.59,984.92,1300,1400.3
　　卖出回购金融资产款,915.69,4325.9799999999996,11175.51,17030.96,21407.31,16164.02,12738.56,14348.22,38276.6
　　吸收存款,46240.74,69984.3,86176.13,116655.28,138423.6,160110.66,191972.74,208788.84,232257.46
NA,NA,NA,NA,NA,NA,NA,NA,256125.31,324174.03999999998
　　应付职工薪酬,525.52,696.68,693.59,835.4,968.28,1171.98,1194.72,1072.8399999999999,863.26
　　应交税费,152.13999999999999,159,33.72,244.14,434.22,580.87,424.31,683.57,432.8
　　应付利息,386.31,833.33,752.7,1002.77,1470.21,2351.96,3435.8,4801.16,5497.08
　　应付债券,NA,NA,NA,NA,NA,2000,2000,2000,4000
　　递延所得税负债,105.36,195.72,160.08000000000001,134.01,135.11000000000001,139.09,136.12,165.54,275.35000000000002
　　预计负债,NA,13.3,NA,NA,NA,0.62,1.1100000000000001,2.3199999999999998,2.1
　　其他负债,376.12,1137.7,91.75,113.93,103.63,345.69,423.41,316.32,1272.46
　　负债差额(特殊报表科目),97.69,248.39,138.74,205.25,248.37,240.12,264.20999999999998,246.53,NA
　　负债合计,50047.74,78765.899999999994,100361.63,137376.4,174005.45,206578.51,246373.06,265413.59999999998,336905.23
所有者权益(或股东权益)：,NA,NA,NA,NA,NA,NA,NA,NA,NA
　　股本,3422.08,5306.98,5366.98,6566.98,7066.98,7066.98,7066.98,7066.98,7066.98
　　资本公积金,-54.71,1084.8900000000001,1075.8800000000001,1957.31,1986.74,2009.09,1701.74,2006.2,2006.2
　　其它综合收益,NA,NA,NA,NA,NA,NA,NA,76.16,419.46
　　盈余公积金,NA,50.67,133.33000000000001,252.44,252.44,608.36,848.67,1112.69,1367.51
　　未分配利润,-25.32,372.56,1116.68,1130.58,1779.94,2802.11,3282.8,4477.1499999999996,5840.69
　　一般风险准备,NA,83.55,83.55,711.94,1057.08,1358.21,2583,3122.15,3382.48
　　归属于母公司所有者权益合计,3342.05,6898.65,7776.42,10619.25,12143.18,13844.75,15483.19,17861.330000000002,20083.310000000001
　　少数股东权益,NA,NA,NA,84.92,279.39999999999998,334,386.6,508.27,545.08000000000004
　　所有者权益合计,3342.05,6898.65,7776.42,10704.16,12422.59,14178.75,15869.78,18369.599999999999,20628.400000000001
负债及股东权益总计,53389.79,85664.55,108138.05,148080.56,186428.03,220757.26,262242.84000000003,283783.2,357533.63
显示币种,CNY,CNY,CNY,CNY,CNY,CNY,CNY,CNY,CNY
原始币种,CNY,CNY,CNY,CNY,CNY,CNY,CNY,CNY,CNY
转换汇率,1,1,1,1,1,1,1,1,1
利率类型,期末汇率,期末汇率,期末汇率,期末汇率,期末汇率,期末汇率,期末汇率,期末汇率,期末汇率
审计意见(境内),NA,标准无保留意见,标准无保留意见,标准无保留意见,标准无保留意见,标准无保留意见,标准无保留意见,标准无保留意见,标准无保留意见
原始报表,NA,点击浏览,点击浏览,点击浏览,点击浏览,点击浏览,点击浏览,点击浏览,点击浏览
公告日期,2012-04-13,2012-04-13,2012-04-13,2012-04-13,2012-04-27,2013-04-17,2014-06-20,2015-12-03,2016-04-29
数据来源,公司公告值,公司公告值,公司公告值,公司公告值,公司公告值,公司公告值,公司公告值,公司公告值,公司公告值
NA,NA,NA,NA,NA,NA,NA,NA,NA,NA
NA,NA,NA,NA,NA,NA,NA,NA,NA,NA
NA,NA,NA,NA,NA,NA,NA,NA,NA,NA
数据来源：Wind资讯,NA,NA,NA,NA,NA,NA,NA,NA,NA
