...1,2006-12-31,2007-12-31,2008-12-31,2010-12-31,2011-12-31,2012-12-31,2013-12-31,2014-12-31,2015-12-31
报告期,年报,年报,年报,年报,年报,年报,年报,年报,年报
报表类型,合并报表,合并报表,合并报表,合并报表,合并报表,合并报表,合并报表,合并报表,合并报表
资产：,NA,NA,NA,NA,NA,NA,NA,NA,NA
　　现金及存放中央银行款项,1745.92,2271.71,2883.47,7473.02,10621.39,14300.08,17450.310000000001,19753.38,20087.54
　　存放同业和其它金融机构款项,30.5,550.71,502.56,4757.6000000000004,15135.88,5318.35,10895.82,7736.88,11422.58
　　贵金属,NA,NA,NA,NA,NA,NA,NA,NA,NA
　　拆出资金,NA,NA,NA,NA,NA,817.12,30.48,61.19,117.21
　　交易性金融资产,NA,NA,NA,NA,NA,606.12,890,7665.08,9552.7099999999991
　　衍生金融资产,NA,NA,NA,NA,NA,NA,NA,NA,NA
　　买入返售金融资产,NA,NA,1708.65,6403.32,5365.86,29173.46,15164.11,4847.99,4720.1000000000004
　　应收利息,NA,NA,NA,NA,NA,205.75,510.26,923.01,1159.3
　　发放贷款及垫款,NA,NA,9076.31,18546.52,24381.86,32863.980000000003,42994.25,52480.91,68286.84
NA,NA,NA,9076.31,18546.52,24381.86,33069.730000000003,43504.51,NA,NA
　　代理业务资产,NA,NA,NA,NA,NA,NA,NA,NA,NA
　　可供出售金融资产,NA,NA,NA,NA,NA,NA,NA,3761.18,7670.84
　　持有至到期投资,NA,NA,NA,NA,NA,23169.37,39928.239999999998,4607.2700000000004,5753.13
　　长期股权投资,NA,NA,NA,1708.57,4360.8500000000004,NA,NA,NA,NA
　　应收款项类投资,NA,NA,100.37,NA,NA,150.25,NA,37597.17,31845.96
　　固定资产,NA,NA,82.37,108.41,144.88999999999999,235.66,222.52,343.53,522.16
　　无形资产,3.71,9.73,16.78,19.760000000000002,18.14,19.11,22.23,235.25,2070.3200000000002
　　商誉,NA,NA,NA,NA,NA,NA,NA,NA,NA
　　递延所得税资产,NA,NA,NA,NA,NA,5.65,2.08,262.66000000000003,423.56
　　投资性房地产,NA,NA,NA,NA,NA,NA,NA,NA,NA
　　其他资产,NA,NA,7.14,80.73,140.36000000000001,257.70999999999998,3450.66,3361.51,2353
资产差额(特殊报表科目),NA,NA,1124.53,11109.51,23071.43,1766.4,NA,NA,NA
资产差额(合计平衡项目),NA,NA,NA,NA,NA,NA,NA,NA,NA
资产总计,7919.99,11390.79,15502.18,50207.45,83240.66,108888.99,131560.95999999999,143637,165985.25
负债：,NA,NA,NA,NA,NA,NA,NA,NA,NA
　　同业和其它金融机构存放款项,121.25,52.46,551.99,5550,11055.27,8185.88,19364.11,29074.14,34326.43
　　向中央银行借款,NA,NA,NA,NA,190.8,438.18,1853.55,992.09,977.49
　　拆入资金,NA,NA,NA,NA,NA,NA,3828.95,1900,97.4
　　交易性金融负债,NA,NA,NA,NA,NA,NA,NA,NA,NA
　　衍生金融负债,NA,NA,NA,NA,NA,NA,NA,NA,NA
　　卖出回购金融资产款,NA,NA,NA,799,11476.9,28654.81,11657.78,4729.53,240
　　吸收存款,NA,NA,13935.42,40052.239999999998,51306.75,63434.41,85615.2,93199.65,110813.12
NA,NA,NA,14487.41,46401.24,74029.72,100713.28,122319.59,129895.41,NA
　　应付职工薪酬,NA,NA,0.95,67.33,92.42,10.029999999999999,16.760000000000002,12.84,15.34
　　应交税费,-13.46,36.770000000000003,-33.67,85.29,128.5,161.61000000000001,181.02,163.98,293.27999999999997
　　应付利息,NA,NA,NA,NA,NA,420.19,780.85,1536.47,1845.74
　　代理业务负债,NA,NA,NA,NA,NA,NA,NA,NA,NA
　　应付债券,NA,NA,NA,NA,NA,NA,NA,1494.04,1494.64
　　递延所得税负债,NA,NA,NA,NA,NA,NA,NA,32.46,90.66
　　预计负债,39.67,39.67,39.67,10.02,8.41,12.6,NA,NA,NA
　　其他负债,NA,NA,0.46,NA,132.47,161.83000000000001,213.35,598.69000000000005,288.14
　　负债差额(特殊报表科目),NA,NA,66.48,89.63,3901.25,52.24,NA,NA,4962.43
　　负债差额(合计平衡项目),NA,NA,NA,NA,NA,0,0,NA,NA
　　负债合计,7653.41,NA,14561.3,46653.52,78292.77,101531.77,123511.57,133733.87,155444.68
所有者权益(或股东权益)：,NA,NA,NA,NA,NA,NA,NA,NA,NA
　　股本,628.23,748.23,828.23,2979.27,3910.58,5210.58,5410.58,6221.48,6221.48
　　其它权益工具,NA,NA,NA,NA,NA,NA,NA,NA,NA
　　　　其它权益工具：优先股,NA,NA,NA,NA,NA,NA,NA,NA,NA
　　资本公积金,0.41,0.41,0.41,0.41,0.41,650.96,750.96,1074.77,1074.77
　　减：库存股,NA,NA,NA,NA,NA,NA,NA,NA,NA
　　其它综合收益,NA,NA,NA,NA,NA,NA,NA,12.07,26.08
　　盈余公积金,2.36,28.71,52.09,253.56,381.34,198.04,296.64999999999998,414.18,525.28
　　未分配利润,-364.41,-204.38,60.15,320.69,655.55,620.86,537.9,982.87,524.98
　　一般风险准备,NA,NA,NA,NA,NA,600,975.45,1117.1099999999999,2085.23
　　外币报表折算差额,NA,NA,NA,NA,NA,NA,NA,NA,NA
　　未确认的投资损失,NA,NA,NA,NA,NA,NA,NA,NA,NA
　　股东权益差额(特殊报表科目),NA,NA,NA,NA,NA,NA,NA,NA,NA
　　股权权益差额(合计平衡项目),NA,NA,NA,NA,NA,NA,NA,NA,NA
　　归属于母公司所有者权益合计,266.58,572.96,940.88,3553.92,4947.8900000000003,7280.44,7971.54,9822.4599999999991,10457.82
　　少数股东权益,NA,NA,NA,NA,NA,76.77,77.849999999999994,80.66,82.75
　　所有者权益合计,266.58,572.96,940.88,3553.92,4947.8900000000003,7357.22,8049.38,9903.1200000000008,10540.57
负债及股东权益差额(特殊报表项目),NA,NA,NA,NA,NA,NA,NA,NA,NA
负债及股东权益差额(合计平衡项目),NA,NA,NA,NA,NA,NA,NA,NA,NA
负债及股东权益总计,7919.99,11390.79,15502.18,50207.45,83240.66,108888.99,131560.95999999999,143637,165985.25
显示币种,CNY,CNY,CNY,CNY,CNY,CNY,CNY,CNY,CNY
原始币种,CNY,CNY,CNY,CNY,CNY,CNY,CNY,CNY,CNY
转换汇率,1,1,1,1,1,1,1,1,1
利率类型,期末汇率,期末汇率,期末汇率,期末汇率,期末汇率,期末汇率,期末汇率,期末汇率,期末汇率
审计意见(境内),NA,标准无保留意见,标准无保留意见,NA,标准无保留意见,标准无保留意见,标准无保留意见,标准无保留意见,标准无保留意见
审计意见(境外),NA,NA,NA,NA,NA,NA,NA,NA,NA
原始报表,NA,点击浏览,点击浏览,NA,点击浏览,点击浏览,点击浏览,点击浏览,点击浏览
公告日期,2008-04-29,2008-04-29,2009-04-10,2012-04-24,2012-04-24,2013-04-27,2014-03-31,2015-04-30,2016-04-21
数据来源,公司公告值,公司公告值,公司公告值,公司公告值,公司公告值,公司公告值,公司公告值,公司公告值,公司公告值
NA,NA,NA,NA,NA,NA,NA,NA,NA,NA
NA,NA,NA,NA,NA,NA,NA,NA,NA,NA
NA,NA,NA,NA,NA,NA,NA,NA,NA,NA
数据来源：Wind资讯,NA,NA,NA,NA,NA,NA,NA,NA,NA
