...1,2002-12-31,2003-12-31,2004-12-31,2005-12-31,2006-12-31,2007-12-31,2008-12-31,2009-12-31,2010-12-31,2011-12-31,2012-12-31,2013-12-31,2014-12-31,2015-12-31
报告期,年报,年报,年报,年报,年报,年报,年报,年报,年报,年报,年报,年报,年报,年报
报表类型,合并报表,合并报表,合并报表,合并报表,合并报表,合并报表,合并报表,合并报表,合并报表,合并报表,合并报表,合并报表,合并报表,合并报表
资产：,NA,NA,NA,NA,NA,NA,NA,NA,NA,NA,NA,NA,NA,NA
　　现金及存放中央银行款项,NA,NA,NA,72462.100000000006,106736.26,141423.93,162601.26,205118.95,293248.76,366957.1,427563,476342,506067,481157
　　存放同业和其它金融机构款项,NA,NA,NA,5103.24,5011.9399999999996,3810.84,54129.3,143554.12,69539.710000000006,267876.47999999998,311293,233302,142287,111388
　　贵金属,NA,NA,NA,NA,NA,NA,NA,213.21,2.09,683.25,6673,3348,11707,28724
　　拆出资金,NA,NA,NA,9197.1,16497.439999999999,17662.82,23643.91,24122.35,31253.46,111415.3,85420,26828,21969,137806
　　交易性金融资产,9299.76,7922.97,8170.91,48898.14,49018.17,3816.22,NA,NA,NA,5866.84,18441,28627,32841,63746
　　衍生金融资产,NA,NA,NA,20.420000000000002,41.65,347.57,2287.77,607.34,1033.3499999999999,548.79,907,1946,2612,10610
　　买入返售金融资产,NA,NA,NA,20331.88,13786.12,80992.09,171471.73,53057.5,391932.14,281509.78000000003,267089,295953,196188,110218
　　应收利息,5.75,168.14,783.73,1157.55,1390.25,2195.4299999999998,5055.2299999999996,5435.92,6537.02,11071.07,13546,14709,17328,20437
　　发放贷款及垫款,NA,NA,NA,366646.38,448110.55,535657.65,681266.57,910508.03,1124112.99,1302323.95,1508806,1725745,1974614,2171413
NA,5.75,168.14,783.73,367803.93,449500.8,537853.08000000007,686321.79999999993,NA,NA,NA,NA,NA,NA,NA
　　可供出售金融资产,NA,NA,NA,NA,NA,88784.13,57365.15,89214.8,104142.63,147929.13,150741,160593,222208,254846
　　持有至到期投资,NA,NA,NA,NA,NA,NA,110600.02,136745.99,143556.64000000001,158535.45000000001,159286,146253,121698,239703
　　长期股权投资,451.31,448.06,448.06,446,443.3,853.86,928.01,1370.87,1436.47,1856.86,2464,2268,1475,1599
　　应收款项类投资,NA,NA,NA,NA,NA,22384.55,23261.38,33657.199999999997,3707.12,8759.5400000000009,159734,515234,877171,1325032
　　固定资产,3903.21,4152.6099999999997,4633.91,5640.54,5716.5,5536.04,6259.85,7074.94,7518.66,8594.25,10101,10735,13929,19062
　　无形资产,210.36,203.04,210.97,230.71,226.93,239.58,207.22,205.36,405.28,457.03,517,758,858,879
　　递延所得税资产,1264.68,1744.19,2223.17,2672.5,3408.12,2894.6,2788.61,3108.66,3772.72,4269.8599999999997,5636,9382,10692,14427
　　其他资产,NA,NA,NA,0.01,NA,7253.24,5115.8599999999997,3686.38,5735.67,4833.07,16111,26537,40645,51648
资产差额(特殊报表科目),NA,NA,NA,37122.29,37876.53,1127.79,2443.58,5036.3500000000004,3476.04,1205.94,1379,1565,1635,1657
资产总计,279300.71999999997,371056.7,455532.29,573522.67000000004,689344.15,914980.35,1309425.44,1622717.96,2191410.77,2684693.69,3145707,3680125,4195924,5044352
负债：,NA,NA,NA,NA,NA,NA,NA,NA,NA,NA,NA,NA,NA,NA
　　同业和其它金融机构存放款项,NA,NA,NA,20577.88,30855.040000000001,61081.31,222440.81,205935.41,337818.82,440908.27,546564,721119,761531,1042948
　　向中央银行借款,NA,NA,NA,NA,NA,10,NA,48,50,50,115,601,21006,23645
　　拆入资金,NA,NA,NA,420.92,1192.3599999999999,5065.53,10532.86,3774.45,14415.15,66970.02,32466,61981,63098,99589
　　交易性金融负债,NA,NA,NA,NA,NA,NA,NA,237.33,NA,NA,NA,NA,312,210
　　衍生金融负债,NA,NA,NA,57.58,32.71,532.65,2378.1999999999998,605.5,1172.08,1515.03,1944,3853,3303,7319
　　卖出回购金融资产款,NA,NA,NA,1640.12,3385.71,2806.11,19682.400000000001,1264.8800000000001,16963.47,86019.57,84540,79557,68240,119205
　　吸收存款,NA,NA,NA,507437.88,595704.93999999994,763472.89,947293.58,1295342.3400000001,1638679.59,1851055.12,2134365,2419696,2724004,2954149
NA,0,0,0,530134.38,631170.75999999989,832968.49,1202327.8499999999,NA,NA,NA,NA,NA,NA,NA
　　应付职工薪酬,65.069999999999993,152.01,230.82,213.51,340.51,6291.06,6923.8,6905.17,6856.61,6853.63,7214,6273,5696,5684
　　应交税费,648.42999999999995,1326.8,1740.11,2115.13,2870.76,3739.17,3418.69,3012.87,4178.53,6509.67,8295,10496,12066,14776
　　应付利息,1002.18,1072.0999999999999,1610.27,2245.9899999999998,2682.37,4293.9799999999996,8359.99,8302.2900000000009,11753.81,20278.59,24679,32841,38750,36235
　　应付债券,NA,NA,NA,9000,11600,17600,18800,18800,16800,32600,68600,63368,146667,399906
　　递延所得税负债,NA,NA,NA,NA,NA,NA,NA,NA,NA,NA,NA,NA,NA,7
　　其他负债,NA,NA,NA,172.27,177.13,2098.54,9111.73,1416.25,8054.54,22378.880000000001,57254,73101,87954,22067
　　负债差额(特殊报表科目),NA,NA,NA,NA,2366.58,19691.23,18781.57,8986.01,11388.32,12.14,12,12,12,12
　　负债合计,271340.24,359045.78,442021.98,557553.21,664638.03,886682.48,1267723.6399999999,1554630.51,2068130.92,2535150.91,2966048,3472898,3932639,4725752
所有者权益(或股东权益)：,NA,NA,NA,NA,NA,NA,NA,NA,NA,NA,NA,NA,NA,NA
　　股本,3615,3915,3915,3915,4354.88,4354.88,5661.35,8830.0499999999993,14348.82,18653.47,18653,18653,18653,18653
　　其它权益工具,NA,NA,NA,NA,NA,NA,NA,NA,NA,NA,NA,NA,14960,29920
　　　　其它权益工具：优先股,NA,NA,NA,NA,NA,NA,NA,NA,NA,NA,NA,NA,14960,29920
　　资本公积金,2685.04,4869.3999999999996,4869.3999999999996,5110.74,10563.44,9300.99,10863.37,24318.33,58639.17,59543.9,59560,55775,60639,60639
　　其它综合收益,NA,NA,NA,NA,NA,NA,NA,NA,NA,NA,NA,NA,1255,5713
　　盈余公积金,1122.77,1592.6,2171.61,2953.76,3959.67,5611.9,6863.51,10688.58,15249.81,21805.74,27248,37460,49647,63651
　　未分配利润,37.659999999999997,483.93,554.29999999999995,689.96,1038.1300000000001,2630.1,11891.2,17216.07,25258.53,30188.12,48986,63037,78157,90670
　　一般风险准备,NA,NA,NA,3300,4790,6400,6400,6900,9500,18700,23050,29450,36858,45924
　　归属于母公司所有者权益合计,7960.48,12010.92,13510.3,15969.46,24706.13,28297.87,41679.440000000002,67953.03,122996.34,148891.23000000001,177497,204375,260169,315170
　　少数股东权益,NA,NA,NA,NA,NA,NA,22.36,134.41999999999999,283.51,651.54,2162,2852,3116,3430
　　所有者权益合计,7960.48,12010.92,13510.3,15969.46,24706.13,28297.87,41701.800000000003,68087.45,123279.85,149542.78,179659,207227,263285,318600
负债及股东权益总计,279300.71999999997,371056.7,455532.29,573522.67000000004,689344.15,914980.35,1309425.44,1622717.96,2191410.77,2684693.69,3145707,3680125,4195924,5044352
显示币种,CNY,CNY,CNY,CNY,CNY,CNY,CNY,CNY,CNY,CNY,CNY,CNY,CNY,CNY
原始币种,CNY,CNY,CNY,CNY,CNY,CNY,CNY,CNY,CNY,CNY,CNY,CNY,CNY,CNY
转换汇率,1,1,1,1,1,1,1,1,1,1,1,1,1,1
利率类型,期末汇率,期末汇率,期末汇率,期末汇率,期末汇率,期末汇率,期末汇率,期末汇率,期末汇率,期末汇率,期末汇率,期末汇率,期末汇率,期末汇率
审计意见(境内),标准无保留意见,标准无保留意见,标准无保留意见,标准无保留意见,标准无保留意见,标准无保留意见,标准无保留意见,标准无保留意见,标准无保留意见,标准无保留意见,标准无保留意见,标准无保留意见,标准无保留意见,标准无保留意见
审计意见(境外),标准无保留意见,标准无保留意见,标准无保留意见,标准无保留意见,标准无保留意见,标准无保留意见,标准无保留意见,NA,标准无保留意见,标准无保留意见,标准无保留意见,标准无保留意见,标准无保留意见,标准无保留意见
原始报表,点击浏览,点击浏览,点击浏览,点击浏览,点击浏览,点击浏览,点击浏览,点击浏览,点击浏览,点击浏览,点击浏览,点击浏览,点击浏览,点击浏览
公告日期,2003-03-29,2004-02-27,2005-02-26,2007-03-24,2007-03-24,2008-02-28,2009-04-10,2010-04-07,2011-03-30,2012-03-16,2013-03-14,2014-03-20,2015-03-19,2016-04-07
数据来源,WIND调整计算值,WIND调整计算值,WIND调整计算值,公司公告值,公司公告值,公司公告值,公司公告值,公司公告值,公司公告值,公司公告值,公司公告值,公司公告值,公司公告值,公司公告值
NA,NA,NA,NA,NA,NA,NA,NA,NA,NA,NA,NA,NA,NA,NA
NA,NA,NA,NA,NA,NA,NA,NA,NA,NA,NA,NA,NA,NA,NA
NA,NA,NA,NA,NA,NA,NA,NA,NA,NA,NA,NA,NA,NA,NA
数据来源：Wind资讯,NA,NA,NA,NA,NA,NA,NA,NA,NA,NA,NA,NA,NA,NA
